Account_ID,Name,Country_Code,Team_ID,Team_Name,Team_Tag,Date
893135754,zipzap,mk,7565202,,   ,2020-05-29
876110702,Ergon,,7119388,Team Spirit,TSpirit,2020-05-29
869108920,Roflex,,6953335,Vega Academy,Vega,2020-05-29
849271412,Lorelei,,6270648,Zugzwang,ZZ,2020-05-29
847621405,JMAA Nation,us,6662123,Dub Gods,DG,2020-05-29
841756969,Adamsson,,0,,,2020-05-29
840005878,b4x4zZz,kz,0,CyberDogs,CDogs,2020-05-29
486157553,█ █ █,,6658167,Jesus e amigos,,2020-05-29
480412663,gpk~,,6209143,Gambit Esports,Gambit,2020-05-29
470392491,Meliodas,cn,7406964,The New Top,TNT,2020-05-29
468599935,ASD,cn,0,Revive,Revive,2020-05-29
447402880,ShinymF,,0,,,2020-05-29
433962427,S-TryhardPingwin,,0,,,2020-05-29
426764440,yaha,,0,Execration.安博电竞,XctN,2020-05-29
425075046,@iSonic,br,7684851,THD DERROTA,THD,2020-05-29
412758827,esK,mx,7747949,_, ,2020-05-29
412753955,Nikobaby,bg,111474,Alliance,Alliance,2020-05-29
412413765,StoneBank**,ua,6740284,TEAM HEROIC,Heroic,2020-05-29
410485012,GoDNeSS,,0,Team Blink,Blink,2020-05-29
407321629,Frank,pe,6382242,Thunder Predator,ThunderP,2020-05-29
405535223,akoadalahako,id,4983405,BCS Gaming,BCS,2020-05-29
402103349,W4nda^^,,7234152,WANDAAAAAAAAAA,,2020-05-29
401792574,Taiga,no,2163,Team Liquid,Liquid,2020-05-29
401653350,Young God,,7800448,Apex,Apex,2020-05-29
399885807,-----,,7300389,Magician,,2020-05-29
397462905,Dark,cn,0,KEEN GAMING,KG,2020-05-29
394879200,yoona,,5805234,You Know Who,YKW,2020-05-29
390217220,Dulashtr,kg,7868517,.,.,2020-05-29
389033587,Dreamocel,id,7732977,BOOM Esports,BOOM,2020-05-29
387748352,Numb,ru,0,No Creativity,NC,2020-05-29
386545209,i like sushi,,0,,,2020-05-29
385750274,J e i m a r i,pe,7869044,Infinity E-sports. ,Infinity,2020-05-29
382225911,a,,6143582,Vampire Gaming,Vampire,2020-05-29
381253334,Magical,vn,0,496 Gaming,496,2020-05-29
380320771,鲜衣少年,,0,Dawn Gaming,DG,2020-05-29
378786336,Slash,bo,7035716,D2L Young,D2L.Y,2020-05-29
376376587,Kaiyko,cn,5066616,Team Serenity,Serenity,2020-05-29
375507918,23savage,th,350190,Fnatic,Fnatic,2020-05-29
372595310,   :)           ,,0,   ,,2020-05-29
371759313,dot,,7683006,booby inspectors,FBI,2020-05-29
371082984,         ,ch,5067297,Team Mid,TM,2020-05-29
370177319,hPL,ph,0,NCGC,NCGC,2020-05-29
370141815,TSHunter,,5055770,Gorillaz-Pride,G-pride,2020-05-29
369751488,xy-,,7574919,Dota My Goal,DMG,2020-05-29
363871826,Petushara,,0,Team Unique,Unique,2020-05-29
363724571,X1aOyU,,7980054,123,,2020-05-29
362617519,zatugod,ca,6980350,sub2kong,sub2kong,2020-05-29
360912188,yuejiang,,7424211,    ,,2020-05-29
360647761,Harry Poter,,0,Se7en Esports,S7E,2020-05-29
359753316,Deanocide,,7423828,test123456,,2020-05-29
359068880,Ifr1t!,id,3265632,PG.Barracx,BrX,2020-05-29
355168766,Natsumi-,ph,7098928,Adroit,Adroit,2020-05-29
354185791,13savage,kz,7684781,chinagod,CH,2020-05-29
352623024,Oscar ,bo,6849739,Ωmega Gaming,Ωmega,2020-05-29
352545711,DarkMago♥,,0,Incubus Gaming,Incubus,2020-05-29
349719643,Coastal,,0,,,2020-05-29
349310876,MoOz,pe,7681441,business associates,business,2020-05-29
349282655,TheDragonFaran,us,7598730,OwO,,2020-05-29
348703642,欲速则不达,kz,7667557,Totally Spies,T.Spies,2020-05-29
345803031,PlayHard-,ph,6187657,Neon Esports,neon,2020-05-29
344861218,HappyDyurara,,7669103,Cyber Legacy,CL,2020-05-29
343055485,suzune,us,0,,,2020-05-29
342340720,123,,1520578,CDEC ,CDEC,2020-05-29
339256210,Alexandria!!!!!!,ph,0,Pason & Friends,P-,2020-05-29
337575662,Mcy,ph,7819112,GoodFellaz,Gfz,2020-05-29
337493609,pudge,,0,Vega Squadron,Vega,2020-05-29
332410979,ШКОЛОТРОН,by,7847394,Ы,,2020-05-29
331999484,♥RusmαÑ -奎因?,id,0,Rex Regum Qeon,RR.QEON,2020-05-29
328056842,.,,7626417,.,.,2020-05-29
326562941,MAXBET,ro,3410884,butelie boosting services,77777,2020-05-29
326327879,XSvamp1Re ,kz,6209143,Gambit Esports,Gambit,2020-05-29
323792491,Rr,,7408845,Execration,XctN,2020-05-29
317880638,Save-,md,7819701,VP.Prodigy,VP.P,2020-05-29
317814449,tatakae,,6409189,Team Empire Hope,EmpireH,2020-05-29
317465426,Scarlet*,ph,7653669,KTH,KTH,2020-05-29
316484103,Bogdan Abuladze,,7500431,TT,TT,2020-05-29
316217576,Bhm,ph,7408845,Execration,XctN,2020-05-29
315657960,mason,,7700680,zoo,zoo,2020-05-29
314584168,CTOMAHEH,bg,0,Unchained Esports,UNC,2020-05-29
311360822,ana,au,0,OG,OG,2020-05-29
311236557,orb1t,,6208885,NU Esports,NU,2020-05-29
308570784,H.God,ph,7406381,STI Olympians Pro Team,STI,2020-05-29
303568400,`JL,ph,0,Neon Esports,neon,2020-05-29
303099423,sad tomat,kz,7554024,100ping,,2020-05-29
301750126,Mikoto,id,7732977,BOOM Esports,BOOM,2020-05-29
299213834,PuberrrR^pos5,,0,,,2020-05-29
298882097,ryoku.dya♥,,0,,,2020-05-29
298726580,MaTa,ua,7842772,GOSU.AI,GOSU,2020-05-29
298683250,BoraNija,rs,7653600,Aggressive Mode,A-Mode,2020-05-29
296226696,TheChosenOne,by,5014799,Nemiga Gaming,Nemiga,2020-05-29
295697470,Immersion,ru,7119388,Team Spirit,TSpirit,2020-05-29
294933582,天,,0,,,2020-05-29
293529846,dw,,0,Team Max,MAX,2020-05-29
292921272,Wisper ,bo,7441136,beastcoast,bc,2020-05-29
292677016,Piolz,,0,NCGC,NCGC,2020-05-29
292276988,sadsdas,co,5895642,.,,2020-05-29
288856114,QWERTY,,0,CDEC,CDEC.A,2020-05-29
287858366,sbmid,cn,7269049,viper,,2020-05-29
287481472,SoNiC,,7573307,ghoul,ghoul,2020-05-29
287348378,Kong,ba,0,scrim leakers,f9,2020-05-29
285017844,Re`meet,cn,2668926,Recall, ,2020-05-29
284821688,NingaProBro,,0,Dub Gods,DG,2020-05-29
283774700,Shadow_,,0,,,2020-05-29
278599060,Michael-,bo,0,Ωmega Gaming,Ωmega,2020-05-29
278006984,XuAn,,7408440,Look For Smile,LFS,2020-05-29
277742444,Eve,,0,CDEC ,CDEC,2020-05-29
275639180,siLou,fr,6979765,La Gueule de Bois,LGDB ,2020-05-29
270924860,john,ph,0,NCGC,NCGC,2020-05-29
266548260,RSG.Escanor,pe,0,,,2020-05-29
262367336,Shining,,0,Eclipse,,2020-05-29
260408033,Mercury,,7356881,SHENZHEN,SZ,2020-05-29
259363208,Masquerade,,0,,,2020-05-29
256269737,julz,,7800448,Apex,Apex,2020-05-29
255219872,荧宁,cn,0,KEEN GAMING,KG,2020-05-29
254710104,Ms,,0,ForTheDream,FTD,2020-05-29
254025588,Neverland,,0,,,2020-05-29
253962772,dolem,cn,7059982,Team Sirius,Sirius,2020-05-29
252930452,Cg,,0,BaiduKing BBQ,OG,2020-05-29
250733860,KelThuzard,id,7833289,NGID.M11,NGID.M11,2020-05-29
250114507,Iceberg,,6953913,FlyToMoon,FTM,2020-05-29
249651648,Madaroid^,,7251279,IM SO FUCKING BAD,,2020-05-29
249092564,Leyuan,,1951061,Newbee.Young,Newbee.Y,2020-05-29
248941611,lover,,7422393,Revive,Revive,2020-05-29
245373129,Xcalibur,,7684041,B8,B8,2020-05-29
242945773,Inu,ru,0,LuckyGaming,LG,2020-05-29
242885483,Pamplona ,pe,7389602,Incubus Gaming,Incubus,2020-05-29
242837510,Stars are here,cn,5155149,lostcanary,,2020-05-29
242697694,kingteka,,0,EGOBOYS,EGO,2020-05-29
241519559,dream,kg,6209143,Gambit Esports,Gambit,2020-05-29
240727522,Hy,,0,IamPoint Club,IP,2020-05-29
239869231,小丑猪,,0,MCleizi,,2020-05-29
238595735,Ginger,my,6349771,cipher gaming,CG,2020-05-29
238239590,Bryle,,7748744,CR4ZY,CR4ZY,2020-05-29
237610210,Andrej Porjazovski,,7034741,Wind and Rain,WaR,2020-05-29
237472045,Midoli,,7119039,Young Drug Gaming,YDG,2020-05-29
237325411,Khezcute,id,7732977,BOOM Esports,BOOM,2020-05-29
237238721,Pikachu,,7669103,Cyber Legacy,CL,2020-05-29
237201026,Azur4,id,7498762,Team Oracle.YOUTH,OCY,2020-05-29
236858633,FLee,,0,Cloud9,C9,2020-05-29
234699894,Blizzy,kg,0,Natus Vincere,Na`Vi,2020-05-29
234237646,444,br,67,paiN Gaming,paiN,2020-05-29
232033806,!,,0,,,2020-05-29
231622898,AKA,cn,7995488,aa,,2020-05-29
230617400,yChen,,6465093,ForTheDream,FTD,2020-05-29
230328929,kodos-,ru,7251006,TechPromBiz,TPB,2020-05-29
230288315,jiyuu,us,2539259,vZ,vZ,2020-05-29
228916210,Theveryfamousar3a1234,eg,5242529,Unchained Esports,UNC,2020-05-29
226340817,R7,id,0,Rex Regum Qeon,RR.QEON,2020-05-29
225901083,hc retards,,5133522,,,2020-05-29
224623791,MindGate7,,7500228,VegaN,VegaN,2020-05-29
222189151,x.x,cn,3756899,ZuoBaoGao,,2020-05-29
221743617,hmx,,7300389,Magician,,2020-05-29
221666230,Quinn,us,7390454,Quincy Crew,QCY,2020-05-29
219239958,Mystery.,,3346336,LYG.Gaming,,2020-05-29
219225327,Ade,cz,7851888,CZC.eSuba,eSuba,2020-05-29
218500899,02,cn,6516915,Newbee.Buff,Newbee.B,2020-05-29
217906387,-SaGa ReTurNVC,bo,2341675,Dimelo Papi,Duff.,2020-05-29
217386639,LongGGG_,cn,7956703,　,　,2020-05-29
216067541,maomao,,2634810,KG.Luminous,KG.L,2020-05-29
214735983,jAMES,uz,6409189,Team Empire Hope,EmpireH,2020-05-29
214150763,10Gu!.小十,vn,7374357,Professor, ,2020-05-29
213146834,灼连胜,cn,1857163,瓜皮王国里精挑细选出的五个瓜皮小战士,KGP,2020-05-29
211884113,m,af,7998349,s,,2020-05-29
211883623,沫，,,0,,,2020-05-29
211531481,abingYb,ph,7388720,KingPins,Kp,2020-05-29
210287979,    ,,0,,,2020-05-29
208796906,Fonte,,0,Newbee,Newbee,2020-05-29
208642321,Kalkbrenner-,,0,,,2020-05-29
208181197,adzantick,gb,7930695,FAMILY TEAM,FT,2020-05-29
208163435,.,,7700247,Avengerls,Avengerls,2020-05-29
207983361,SeeL,vn,7314682,Impunity,IMP,2020-05-29
207829314,BoBoKa,cn,6209166,Team Aster,Aster,2020-05-29
207078168,Virsatus,us,6979765,La Gueule de Bois,LGDB ,2020-05-29
206144913,Yasy,vn,0,496 Gaming,496,2020-05-29
205813150,OpGod,,7407260,Sparking Arrow Gaming,SAG,2020-05-29
205743502,Henry,us,6980350,sub2kong,sub2kong,2020-05-29
205239629,SangSang,,7001626,Team initial,Initial,2020-05-29
204019241,Arnab-,,6018727,,,2020-05-29
203903869,Razzy,,7912954,123,,2020-05-29
203351055,Malik,,7542148, EXTREMUM,EXTREMUM,2020-05-29
202217968,Emo,cn,5,INVICTUS GAMING,IG,2020-05-29
202148694,qAzer,,7979080,Trolls Crew,TC,2020-05-29
201741490,FLYSOLO,,7819112,GoodFellaz,Gfz,2020-05-29
201594424,Stay,cn,6185655,IamPoint Club,IP,2020-05-29
200520919,Shirley,,7998525,ЧЧ FЧЧ F .cΘм,,2020-05-29
200037203,Kirito,,7099096,Typhoon,,2020-05-29
199667127,Kevin,,6955045,LFT,LFT,2020-05-29
199222238,Dust,cn,2640025,iG.Vitality,iG.V,2020-05-29
199133117,FACEHUGGER,,5837973,PG BARRACX,BrX,2020-05-29
198631761,Red,vn,7681014,Soy Boys,Soy,2020-05-29
198455581,o,,0,Team Ever,Ever,2020-05-29
198161112,Corey,cn,0,Hero Gaming,,2020-05-29
198035908,lowkez,,7848119,NOVA,NOVA,2020-05-29
197849259,绵绵,,7514223,Longinus,,2020-05-29
197574429,kxy-,,2672298,Infamous Gaming,Infamous,2020-05-29
197547532,Astral,by,5014799,Nemiga Gaming,Nemiga,2020-05-29
197249775,ZaTta,bo,0,,,2020-05-29
196931374,458,vn,4817649,496 Gaming,496,2020-05-29
196879301,spacyh,ru,0,Vega Squadron,Vega,2020-05-29
196493853,Aq,,1375614,Newbee,Newbee,2020-05-29
196490133,Focus,gr,7930695,FAMILY TEAM,FT,2020-05-29
196331985,Sirc,,6187657,Neon Esports,neon,2020-05-29
195454861,Kid Buu,ca,0,,,2020-05-29
195353057,Golem,br,0,Magic Believers,Magic,2020-05-29
195254520,Kzar,ua,6212110,HAPPY GUYS,HG,2020-05-29
194673410,JUST,cn,4594316,Jusst!!!,Jusst,2020-05-29
194672667,Five,se,3152713,4 protect five,4p5,2020-05-29
194624542,火猫tv2249,cn,0,Aurora Esports club,AE,2020-05-29
194521913,Benjaz,,7869044,Infinity E-sports. ,Infinity,2020-05-29
193884241,ponlo,sg,7624504,MS Chonburi,MSC,2020-05-29
193704726,dsr,by,0,PуI<u_BBePx Beastmaster,PykuBBePx,2020-05-29
192981126,hAze._.,kz,0,Team Invincible,TI,2020-05-29
192914280,Raging-_-Potato,ph,7849151,CR,CR,2020-05-29
192651991,Freddy_win,,2517160,TSHOW OLD,TSHOW.OLD,2020-05-29
192405422,Note,,7449303,xx,qq,2020-05-29
192120253,empyreaN,us,7440102,Yung Suck Gaming,YSG,2020-05-29
191458152,Shanks,cn,0,Revive,Revive,2020-05-29
191362875,Speeed,ca,0,DoZe Esports,DoZe,2020-05-29
190996591,LIL SORRY,ru,7802017,Meta4Pro,M4P,2020-05-29
190826739,BOOM,cz,6685591,ViKin.gg,Vikin.gg,2020-05-29
190710801,symetricaL,gb,7960872,aaa,,2020-05-29
190070708,温华,,1857163,瓜皮王国里精挑细选出的五个瓜皮小战士,KGP,2020-05-29
189708209,Jieang,jo,5670324,Bursaspor Esports,BS,2020-05-29
189398048,糖浆,,7586253,Hunt Wave,HW,2020-05-29
188884494,B7 NexT LeveLFT,kz,0,,,2020-05-29
188423794,LIES,,7684843,23231111,,2020-05-29
188398601,ViniM4g3,br,0,,,2020-05-29
188024905,Dashka,br,7781029,IDK,IDK,2020-05-29
188018316,Destiny,,7959292,D2,D2,2020-05-29
187952007,Monsterboy,,2643401,CDEC.Avenger,,2020-05-29
187824320,Kitrak,,7997078,...,,2020-05-29
187619311,Sam H,,7359917,Lowkey,LK,2020-05-29
187573416,SOhY,by,7391523,el,el,2020-05-29
187191278,yoyoyo,ca,0,Young Drug Gaming,YDG,2020-05-29
186977347,ghost,cn,5066616,Team Serenity,Serenity,2020-05-29
186939694,Reborn,cn,6143582,Vampire Gaming,Vampire,2020-05-29
186837494,Mjz,,6382242,Thunder Predator,ThunderP,2020-05-29
186627166,Flywin,cn,6209804,Royal Never Give Up,RNG,2020-05-29
185646215,Nov.,cn,7575276,11,11,2020-05-29
185202677,Kōtarō,gs,0,Thunder Predator,ThunderP,2020-05-29
184950344,Kuku^,ph,3586078,Geek Fam,GeekFam,2020-05-29
184445673,☺☺☺,,3544442,,,2020-05-29
184138153,Masaros,th,6408664,Buriram Seth Gaming,BRSG,2020-05-29
182993582,kingr-,ru,7684041,B8,B8,2020-05-29
182492319,coram Deo,,7800373,huehuehue,huehue,2020-05-29
182439266,86,,0,KG.Luminous,,2020-05-29
182331313,Fade,cn,6209166,Team Aster,Aster,2020-05-29
182325064,sss,cn,0,Revenge Gaming,,2020-05-29
181894940,ruiner,,0,,,2020-05-29
181716137,inYourdreaM,id,7424172,T1,T1,2020-05-29
181092754,bobo,,2640025,iG.Vitality,iG.V,2020-05-29
180012313,Nando,,0,Execration,XctN,2020-05-29
179865964,humblemumble,,0,MIG GAMING,MIG,2020-05-29
179773256,Aville,,0,Team EVOS,EVOS,2020-05-29
179603165,59,cn,7267298,EHOME.Immortal,EHOME.I,2020-05-29
179284293,Guré Léiman,pe,7917434,Leos Gaming Sport,LeosGaa,2020-05-29
178692606,Antoha,ru,6249450,.,,2020-05-29
178638015,Mantis,kz,6030756,excell,xL,2020-05-29
178366364,MagE-,jo,6711290,Team Singularity,SNG,2020-05-29
178032556,Fey,pl,7034741,Wind and Rain,WaR,2020-05-29
177953305,YadomiJN,,7869044,Infinity E-sports. ,Infinity,2020-05-29
177648913,ritsu,,0,Kookaburra,KKB,2020-05-29
177416702, ,,2635099,CDEC.Y,,2020-05-29
177411785,Daxak,ru,0,Ninjas in Pyjamas,NiP,2020-05-29
177085220,Benhur,,7849151,CR,CR,2020-05-29
176996872,Origami,cn,0,Newbee.miracle,Newbee.M,2020-05-29
176988393,Mikey,,5242529,Unchained Esports,UNC,2020-05-29
176974483,Born,jo,6980350,sub2kong,sub2kong,2020-05-29
176961039,ntakii,gr,7683396,No Bounty Hunter,noBH,2020-05-29
176552562, ๛,cn,5241235,.,,2020-05-29
176502766,FLee-,ph,5028104,VGJ Storm,VGJ,2020-05-29
176184718,ArtStyle,,0,Team Ukraine,UA,2020-05-29
176139572,Shisui,ua,6953913,FlyToMoon,FTM,2020-05-29
175463659,Cooman,ru,0,Virtus.pro,VP,2020-05-29
175422910,Secret ,,7119468,SGD,SGD,2020-05-29
174833121,GokinG,,0,TAICHI GAMING,,2020-05-29
173978074,NothingToSay,my,4,EHOME,EHOME,2020-05-29
173971950,Berna| coram Deo,pe,7587435,Ringo,Rng0,2020-05-29
173880329,S,,7359809,AA,,2020-05-29
173812218,Zach,,6465093,ForTheDream,FTD,2020-05-29
173476224,eyyou,ph,0,TNC Predator,TNC,2020-05-29
172852731,Average,us,0,Dub Gods,DG,2020-05-29
172781504,Shanti,,5001936,Quid Pro Quo,QPQ,2020-05-29
172424257,Chessie,se,7555613,OG.Seed,OG.S,2020-05-29
172298224,HolyByLibra,,6437218,,,2020-05-29
171981096,MagicaL,ua,36,Natus Vincere,Na`Vi,2020-05-29
171775246,CENA,,7999365,jc,JOHN,2020-05-29
171597637,Hannah,kz,7453744,KHAN,KHAN,2020-05-29
171347136,player,kz,7684721,Team Solid,TS,2020-05-29
171345274,lost,kz,5403575,Time to GET REAL,ttGR,2020-05-29
171211166,idc,,0,IamPoint Club,IP,2020-05-29
170913702,NetWork,ar,0,Nymeria,NY,2020-05-29
170711479,;,,0,,,2020-05-29
170569148,M。,cn,1983234,,,2020-05-29
169756712,LuziFy,ph,7668075,Kingpins,KP,2020-05-29
169672157,-,cn,7716098,Leopard Gaming,,2020-05-29
169416589,Czy,my,0,UNICORN,Unicorn,2020-05-29
169359249,Frost,se,0,Unholy,Unholy,2020-05-29
169181898,Ditya Ra,,5167588,Double Dimension, ,2020-05-29
169141480,GUMANTAR,id,7765606,Team Aster,Team Aster,2020-05-29
169025618,KheZu,de,7748744,CR4ZY,CR4ZY,2020-05-29
168385950,Pio65 ♥♠,,0,B8,B8,2020-05-29
168340162,tmt,,7079109,beastcoast,bc,2020-05-29
168108415,Creep-,,6764311,,,2020-05-29
168028715,flyfly,cn,5,INVICTUS GAMING,IG,2020-05-29
167586065,fresh,,2208748,,,2020-05-29
167372590,leng,,5152964,Echo Gaming,Echo,2020-05-29
167346323,DiaMond W1nzY,cn,6982302, ,,2020-05-29
167072778,闷油瓶,,7406964,The New Top,TNT,2020-05-29
167054382,D,pe,6120845,666,,2020-05-29
166832118,SPACEMAN,id,0,PG.Barracx,BrX,2020-05-29
166458146,清净,cn,0,Team Aster,Aster,2020-05-29
166178728,zero,,1366506,Black Sheep!,bs,2020-05-29
165839292,Solan,,0,Team Strawberry,TS,2020-05-29
165086162,Huppey,id,3265632,PG.Barracx,BrX,2020-05-29
164685175,k1 ,pe,7441136,beastcoast,bc,2020-05-29
164536353,longb,cn,4997871,Team Waooo,,2020-05-29
164532005,Armel,ph,2108395,TNC Predator,TNC,2020-05-29
164530809,cat you,cn,0,Typhoon,,2020-05-29
163879323,sugar baby,,4997871,Team Waooo,,2020-05-29
163587550,James,cn,1520578,CDEC ,CDEC,2020-05-29
163497368,Rain pause.,cn,2643401,CDEC.Avenger,,2020-05-29
163412639,bowbowbow,,0,HellRaisers,HR,2020-05-29
163392533,Luk,sg,7404529,Reality Rift,RR ,2020-05-29
163221251,少打多刷,cn,0,,,2020-05-29
162539779,Cije,id,7623629,ARMY GENIUSES,AG,2020-05-29
162077924,Django,cn,0,The New Top,TNT,2020-05-29
161042969, zone-,,0,Revenge Gaming,,2020-05-29
160678812,Rong,,5066616,Team Serenity,Serenity,2020-05-29
160279679,Y,vn,5085894,Hanoi Geniuses,HnG,2020-05-29
159235251,ccx,,7542441,Saint,,2020-05-29
159020918,RodjER,ru,7422789,HellRaisers,HR,2020-05-29
158847773,天命,cn,0,KEEN GAMING,KG,2020-05-29
158606677,buttcracker,dk,6590931,OWME WARRIORS,OWME,2020-05-29
157989498,ScofielD EL SOLIIIII,pe,7441136,beastcoast,bc,2020-05-29
157557921,Selfdiscipline,,7219525,Hero Gaming,,2020-05-29
157475523,XinQ,cn,4,EHOME,EHOME,2020-05-29
157031160,T1tha-,vn,5085894,Hanoi Geniuses,HnG,2020-05-29
156745021,Badziakouski,cn,3963419,,,2020-05-29
156662698,Srf,,6382740,Royal,Royal,2020-05-29
156544464,Tsyman,by,0,Pavaga Junior,PVG.J,2020-05-29
156328257,Fbz,id,7732977,BOOM Esports,BOOM,2020-05-29
156029808,BDz,,7801725,Playbook Esports,PBE.LGC,2020-05-29
155507163,Bima`,id,1434758,SELALU MAIN SABUN,SOAPERS,2020-05-29
155494381,TIMS,ph,2108395,TNC Predator,TNC,2020-05-29
155332459,Matthew~,,6382242,Thunder Predator,ThunderP,2020-05-29
155162307,Smiling Knight,by,7940145,Yolo Knight,yK-,2020-05-29
154715080,Abed,ph,39,Evil Geniuses,EG,2020-05-29
154223815,Nasjo,ph,7717611,,,2020-05-29
153836240,Chris Luck,pe,7441136,beastcoast,bc,2020-05-29
153749549,xRag,au,7801725,Playbook Esports,PBE.LGC,2020-05-29
153216158,Hanna,pe,1649132,Demian + 4,Ð +4 ,2020-05-29
153181216,Nitro,mx,0,Ωmega Gaming,Ωmega,2020-05-29
153035705,55D,,0,Obao Gaming,,2020-05-29
152962063,m`iCKe,se,2163,Team Liquid,Liquid,2020-05-29
152960698,Mufasa,kz,7716538,`,`,2020-05-29
152915953,Wizard,,1375614,Newbee,Newbee,2020-05-29
152859296,Jhocam,id,7424172,T1,T1,2020-05-29
152545459,Gabbi,ph,2108395,TNC Predator,TNC,2020-05-29
152455523,V-Tune,ua,6953913,FlyToMoon,FTM,2020-05-29
152083285,Azreal,,7099096,Typhoon,,2020-05-29
151835528,ThefastLife,,0,Team EVOS,EVOS,2020-05-29
151625242,ilLogic,,0,Team EVOS,EVOS,2020-05-29
151550803,LT,,0,Σ(っ°Д°;)っ,Σ(っ°Д°;)っ,2020-05-29
151433883,Mr.Jeans,pe,0,Meraki- Gaming,Meraki-,2020-05-29
151069590,Peksu,fi,7555613,OG.Seed,OG.S,2020-05-29
150862738,Yowe,,7819112,GoodFellaz,Gfz,2020-05-29
150419909,XaKoH,,7251006,TechPromBiz,TPB,2020-05-29
150197164,Godzhand007,id,6188649, , ,2020-05-29
149809279,joel,,6768128,.,.,2020-05-29
149486894,Sccc丶,cn,6209166,Team Aster,Aster,2020-05-29
149008268,AliyaH!!,ph,7406381,STI Olympians Pro Team,STI,2020-05-29
148962300,Gossip,cn,1681716,DK SWUFE GAMING,DK,2020-05-29
148826785,tact,us,6710145,Team Skr Skr 3.0,$$3,2020-05-29
148526973,Jaunuel,ph,6187657,Neon Esports,neon,2020-05-29
148215639,Monet,cn,6209804,Royal Never Give Up,RNG,2020-05-29
148053939,Francoeur,id,0,PG.Barracx,BrX,2020-05-29
147508676,Terpcasl,us,3783890,Chef Curry Culinary Club,CCCC,2020-05-29
147134765,_SheeR_,,6955045,LFT,LFT,2020-05-29
146711951,Nikko,ph,7624504,MS Chonburi,MSC,2020-05-29
146485028,animal planet,,0,,,2020-05-29
145550466,DuBu,kr,0,Geek Fam,GeekFam,2020-05-29
145335241,DeadGame,jp,4256312,f,,2020-05-29
145065875,Sayuw,ru,7422789,HellRaisers,HR,2020-05-29
144870065,LJSL,ph,7800448,Apex,Apex,2020-05-29
144359718,MER,ph,0,,,2020-05-29
143693439,Dy,cn,726228,Vici Gaming,VG,2020-05-29
143556284,Goaty,ph,7625750,,,2020-05-29
142974425,Q达不溜Q,,0,,,2020-05-29
142805736,deku,,0,PT,PT,2020-05-29
142589406,Xmy,,0,,,2020-05-29
142139318,vtFαded,my,0,Cloud9,C9,2020-05-29
141690233,canceL^^,,6981836,Kingdra,King,2020-05-29
141689679,神丶奈川,,0,,,2020-05-29
141065684,Judy,cn,0,Avalon,,2020-05-29
141010367,Yp,,0,Team Ever,Ever,2020-05-29
140680642,last,cn,0,Aster.Aquarius,,2020-05-29
140288368,Tobi,at,6685591,ViKin.gg,Vikin.gg,2020-05-29
140159807,Yyh,cn,0,The New Top,TNT,2020-05-29
140153524,Q,cn,0,Team Aster,Aster,2020-05-29
139985766,Luciano,ph,7683937,Virus,Virus,2020-05-29
139937922,Yang,cn,726228,Vici Gaming,VG,2020-05-29
139876032,kaka,cn,5,INVICTUS GAMING,IG,2020-05-29
139822354,Setsu,cn,6209804,Royal Never Give Up,RNG,2020-05-29
139280377,晓瑾zZZ,cn,7422393,Revive,Revive,2020-05-29
139174891,897,,4,EHOME,EHOME,2020-05-29
138885864,June,,4425650,,,2020-05-29
138857296,JT-,my,5,INVICTUS GAMING,IG,2020-05-29
138543123,Pyw,cn,726228,Vici Gaming,VG,2020-05-29
137925613,小Q,,0,Revenge Gaming,,2020-05-29
137855976,Mastery,by,6409189,Team Empire Hope,EmpireH,2020-05-29
137323908,zy,cn,0,team_ftd_c,Bilibili,2020-05-29
137272985,Kamma,cn,0,KEEN GAMING,KG,2020-05-29
137193239,Eurus,cn,726228,Vici Gaming,VG,2020-05-29
137129583,Xm,cn,1520578,CDEC ,CDEC,2020-05-29
136844585,kkkk,cn,7001412,z,,2020-05-29
136829091,Whitemon,id,3586078,Geek Fam,GeekFam,2020-05-29
136737280,JG,ph,7819112,GoodFellaz,Gfz,2020-05-29
136624722,Cause,cn,0,,,2020-05-29
136575603,Waixi,,1375614,Newbee,Newbee,2020-05-29
136562659,Eros,cn,2208748,,,2020-05-29
136477860,Meteor,,0,IamPoint Club,IP,2020-05-29
136421659,QYQX,,7423953,TEAM GUYS,GUYS,2020-05-29
136335606,Magi,cn,7219525,Hero Gaming,,2020-05-29
136273116,强混哥,,7650624,yh,,2020-05-29
136214996,kAANMPPV,ro,7683396,No Bounty Hunter,noBH,2020-05-29
136187546,方云华,,7697999,  ,,2020-05-29
136178375,Lww,cn,7453020,Aster.Aries,Aries,2020-05-29
136177710,圣子华炼God-King-SzhL,,7407260,Sparking Arrow Gaming,SAG,2020-05-29
136146286,Romj3k~,ca,7573307,ghoul,ghoul,2020-05-29
136099804,Sy,,0,Team Sincere,Sincere,2020-05-29
135878232,old chicken,cn,7059982,Team Sirius,Sirius,2020-05-29
135656964,xiaofu,,2626685,KEEN GAMING,KG,2020-05-29
135389630,朝圣者,cn,0,team_ftd_c,,2020-05-29
135384059,hym,cn,7059982,Team Sirius,Sirius,2020-05-29
135260138,the answer,cn,0,Away,,2020-05-29
134903105,老A,,1983234,,,2020-05-29
134711350,Dstones,,7059982,Team Sirius,Sirius,2020-05-29
134683396,Puer tea,,7957773,zsмj。īйfǒ,,2020-05-29
134566957,closetboy,,0,asdffgasdf,V,2020-05-29
134556694,Solo,ru,1883502,Virtus.pro,VP,2020-05-29
134276083,old eLeVeN,cn,15,PSG.LGD,PSG.LGD,2020-05-29
134271697,BOOM!!,pe,0,Gorillaz-Pride,G-pride,2020-05-29
134121021,Aine,,3339205,will,将,2020-05-29
133973515,衡阳中单,,0,,,2020-05-29
133885475,X^,,2776208,White Fries Gaming,WF,2020-05-29
133807400,Lando,us,6322636,qwe,,2020-05-29
133705802,XiaoXiao,,7219525,Hero Gaming,,2020-05-29
133649808,jhow,br,4122483,  ,   ,2020-05-29
133558180,Zitraks,ru,7820540,Team Unique,Unique,2020-05-29
133084797,V1va,,0,,,2020-05-29
133066657,@-@,br,7977754,Tala,,2020-05-29
132851371,RAMZES666,ru,39,Evil Geniuses,EG,2020-05-29
132739889,Chappie,,7669103,Cyber Legacy,CL,2020-05-29
132309493,Raven,,3586078,Geek Fam,GeekFam,2020-05-29
132291754,PatSoul,cn,7119039,Young Drug Gaming,YDG,2020-05-29
131777279,Shoe,us,7573307,ghoul,ghoul,2020-05-29
131766964,Protoss,cn,6465093,ForTheDream,FTD,2020-05-29
131706718,Mandy,br,67,paiN Gaming,paiN,2020-05-29
131330953,SaintDeLucaz,id,7057520,OMEGAEZ,OEZ,2020-05-29
131303632,4nalog~ ,br,7819852,.,,2020-05-29
131043881,RAI,,0,,,2020-05-29
130801103,nongrata`,ru,7849410,FlyToMoon 2.0,FTM 2.0,2020-05-29
130416036,Agressif,,2777247,,,2020-05-29
130327734,FakeFish,cn,0,,,2020-05-29
130291279,♥♥♥♥♥♥,cn,7999159,NMSL,,2020-05-29
130049546,2huang.2day,cn,5407995, keep dream bravely,,2020-05-29
129958758,Xxs,cn,6209166,Team Aster,Aster,2020-05-29
129856548,R,pe,5229568,Vicious Gaming,VcG,2020-05-29
129848451,寻虐,cn,5464491,STARLUCK,StarLuck,2020-05-29
129748056,Wolfgang,cn,7406964,The New Top,TNT,2020-05-29
129645604,Vivian Xù,vn,4817649,496 Gaming,496,2020-05-29
129585121,Aventador,cn,0,Team Serenity,Serenity,2020-05-29
129340473,Slander,,0,,,2020-05-29
129071882,eine,,7819701,VP.Prodigy,VP.P,2020-05-29
128660724,Rico,it,7453020,Aster.Aries,Aries,2020-05-29
128470130, ,,3963419,,,2020-05-29
128367019,Mydearest,id,5837973,PG BARRACX,BrX,2020-05-29
128214794,ADSWRKSC,,3689321,  , ,2020-05-29
127617979,Crystallis,nl,7822261,Yolo Knight,yK-,2020-05-29
127565532,Fishman,by,0,FlyToMoon 2.0,FTM 2.0,2020-05-29
127530803,young G,,7118032,Winstrike Team,Winstrike,2020-05-29
127077041,Boomy,gb,7098928,Adroit,Adroit,2020-05-29
126598297,Datbb,,4817649,496 Gaming,496,2020-05-29
126469785,Szabo666,us,0,,,2020-05-29
126417273,AhJit,my,7667517,LGD.international,LGD.int,2020-05-29
126397214,TrazaM,my,7356881,SHENZHEN,SZ,2020-05-29
126323933,Efking,ph,7767175,LFT,SV,2020-05-29
126253073,2hoi,id,5870924,Executioners,XcN,2020-05-29
126238768,Gunnar,us,7819028,4 Zoomers,4Zs,2020-05-29
126212866,SabeRLighT-,cz,6214973,Ninjas in Pyjamas,NiP,2020-05-29
126174633,Sexyfat,br,7220281,Furia,FURIA,2020-05-29
125845797,@Valqui / 외로운 본질,pe,5055770,Gorillaz-Pride,G-pride,2020-05-29
125758635,GuessWho,de,0,mYinsanity,mYi,2020-05-29
125686323,xd,ca,6662123,Dub Gods,DG,2020-05-29
125581247,Ame,cn,1520578,CDEC ,CDEC,2020-05-29
125328301,Alesund97,cn,3967527,ISIfather,,2020-05-29
124936122,Zyd.At,cn,5805234,You Know Who,YKW,2020-05-29
124831899,MYM,ca,0,,,2020-05-29
124813229,Blessed-,,0,0-900,0-900,2020-05-29
124796795,NS-ART,br,7684851,THD DERROTA,THD,2020-05-29
124780194,BiaBiaA,,2879409,骨头帮,,2020-05-29
124438626,rZs,br,3477208,Midas Club ,Midas,2020-05-29
124168390,Mad,cn,7059982,Team Sirius,Sirius,2020-05-29
123953528,Robo-Z,,0,Infamous Gaming,Infamous,2020-05-29
123880365,Rab8,ee,7639736,Team Sneed,Sneed,2020-05-29
123820195,Wolf,,5767709,wolf,wolf,2020-05-29
123787524,Shachlo,,6209143,Gambit Esports,Gambit,2020-05-29
123602460,GodIike,ca,4961103,LFT,LFT,2020-05-29
123485937,Save,us,7300784,twitch,,2020-05-29
123051238,ALOHADANCE,ua,0,Winstrike Team,Winstrike,2020-05-29
122882425,Prani,cn,5036403,MCleizi,,2020-05-29
122867857,Jamesy,ph,6738815,Cignal Ultra,Cignal,2020-05-29
122670743,Pumpkin,id,2103577,The Thundercats,TC,2020-05-29
122445696,BIG POPPA PUMP,,2639697,Sasssy Cats,Sassy,2020-05-29
122347180,Ched,ca,7438641,Demon Slayers,DemSlay,2020-05-29
122255316,ramz?,id,7624504,MS Chonburi,MSC,2020-05-29
122065811,phantom333,br,7915829,a,,2020-05-29
122049498,charlie,se,6214973,Ninjas in Pyjamas,NiP,2020-05-29
121926807,.,cn,0,,,2020-05-29
121917409,Wenn.,,2659468,WarriorsGaming.Unity,,2020-05-29
121833213,Cipher Rappy`,,6187657,Neon Esports,neon,2020-05-29
121769650,Nisha,pl,1838315,Team Secret,Secret,2020-05-29
121404228,Xepher,id,3586078,Geek Fam,GeekFam,2020-05-29
121395876,Loafer-,kz,7669050,Not Loafer Anymore,not,2020-05-29
121193698,Shirou,vn,5085894,Hanoi Geniuses,HnG,2020-05-29
121052479,YamateH,my,0,BROTHERS UNITED,BU,2020-05-29
120613892,W1sh-,ge,7554557,GODSENT.gg,GODSENT,2020-05-29
120569619,.....,cn,0,,,2020-05-29
120555439,teckla8,ar,3477208,Midas Club ,Midas,2020-05-29
120402898,dota~,,5219641,Big God,,2020-05-29
120374476,DXMaw,cn,6096843,,,2020-05-29
120303454,Bichito,,7711933,....................,........,2020-05-29
120109512,Kodyyy,,0,496 Gaming,496,2020-05-29
119939006,Yabyooo,id,7421942,Resurgence,RSG,2020-05-29
119898344,ABAT,,6738815,Cignal Ultra,Cignal,2020-05-29
119631156,Stinger,kr,7441136,beastcoast,bc,2020-05-29
119594755,K D,,0,Typhoon,,2020-05-29
119576842,- ah fu -,my,0,KEEN GAMING,KG,2020-05-29
119540075,Mikasa无力,th,6162501,Hashtag?.DOTA,Hashtag?,2020-05-29
119535307,Felixciaoba,,7407260,Sparking Arrow Gaming,SAG,2020-05-29
119525384,CLugia,cn,0,,,2020-05-29
119321696,ToXiN-,us,0,,,2020-05-29
119315361,RdO-,br,7220281,Furia,FURIA,2020-05-29
119180054,sehny,cz,7554663,SworDDarK-,SDK-,2020-05-29
119137163,ImbaCh,,7440851,Viet Flashbacks,VietF,2020-05-29
118721929,Dodjiee ,ua,0,F.R.I.E.N.D.S,Friends,2020-05-29
118419316,USHUSHUSH,,7683797,F.R.I.E.N.D.S,Friends,2020-05-29
118305301,!Attacker,ae,0,,,2020-05-29
118233883,` AlaCrity -,,7404529,Reality Rift,RR ,2020-05-29
118207269,Mr.Sword ♥ Amy,,0,Zoomies,ZOOM,2020-05-29
118134220,Faith_bian,cn,4,EHOME,EHOME,2020-05-29
118097484,nada,pe,7391253,aaaaaaaaaaaaaaaaaaa,LFT,2020-05-29
118078153,Qupe,de,7930695,FAMILY TEAM,FT,2020-05-29
117990312,rua,,1077685,obb aaaaaaa,obba,2020-05-29
117960951,Flyby,cn,7407260,Sparking Arrow Gaming,SAG,2020-05-29
117956848,tavo,br,7298091,NoPing Esports,NOPING,2020-05-29
117891932,ΛbilitymanJr,,0,Rex Regum Qeon,RR.QEON,2020-05-29
117731777,Xcj,cn,7059982,Team Sirius,Sirius,2020-05-29
117659724,Diskover,ge,0,,,2020-05-29
117483894,Chu,,0,Team Unique,Unique,2020-05-29
117421467,SoNNeikO,uz,6214973,Ninjas in Pyjamas,NiP,2020-05-29
117311875,luki luki,ca,0,Zoomies,ZOOM,2020-05-29
117281554,Moogy,cn,1375614,Newbee,Newbee,2020-05-29
117199412,zhi,cn,6143582,Vampire Gaming,Vampire,2020-05-29
117197143,温柔,,0,,,2020-05-29
117071713,Paradise,us,7957416,FaZe,FaZe,2020-05-29
117015167,Pablo,,0,Aachen City Esports,Alemannia,2020-05-29
116985284,1111111111111111,,0,,,2020-05-29
116885013,murd0c,br,7220281,Furia,FURIA,2020-05-29
116881520,Palantimos,by,7669103,Cyber Legacy,CL,2020-05-29
116876282,Eixn,lb,7556672,TEMPO,TMP,2020-05-29
116852311,I - SEE,cn,0,Er Ci Yuan,ECY,2020-05-29
116850318,24.,,0,,,2020-05-29
116782914,Kp.Samael,ph,7668075,Kingpins,KP,2020-05-29
116776337,ifrit,mx,5892936,Team Xolotl,XOLOTL,2020-05-29
116762983,Sosysich,ru,5802745,We Are Team Eagles,Eagles,2020-05-29
116653360,Norvack,pe,6298652,xd, ,2020-05-29
116591584,l,,0,,,2020-05-29
116585378,midone,my,2586976,OG,OG,2020-05-29
116525052,Duster,br,7220281,Furia,FURIA,2020-05-29
116514161,反叛54321971,,7681992,Motoca_123,Motoca,2020-05-29
116508195,sK3~,br,7800319,MSKT,MSKT,2020-05-29
116444256,NextDay,kr,0,,,2020-05-29
116249155,nefrit,ua,5014799,Nemiga Gaming,Nemiga,2020-05-29
116198063, ,pe,0,,,2020-05-29
115975133,USH,us,0,Gorillaz-Pride,G-pride,2020-05-29
115914180,RvP-,it,0,,,2020-05-29
115750060,Ilyas,kz,7440055,Team Named,TNd,2020-05-29
115460159,Dimitryk,jp,7730871,BuyBack ready,BR,2020-05-29
115165739,Raylalisa,ca,7408305,Team Plus,Plus,2020-05-29
115141430,Ryoya,us,7682820,Broccoli Hunters,BH,2020-05-29
115102590,ryOyr,ph,7800448,Apex,Apex,2020-05-29
114787051,YRG,cn,6465093,ForTheDream,FTD,2020-05-29
114619230,Crystallize,ua,36,Natus Vincere,Na`Vi,2020-05-29
114596500,ArrOw,kz,7453744,KHAN,KHAN,2020-05-29
114559048,Ax.Mo,ru,3335901,-DX-,-DX-,2020-05-29
114478105,Exel,ge,7300277,Monaspa,MonaspA,2020-05-29
114441753,E,,0,zsмj·īйfǒ,,2020-05-29
114316960,Yamaguchi,ph,4652938,Neon Atomic,Atomic,2020-05-29
114239371,ddc,,6382740,Royal,Royal,2020-05-29
114193693,sgr,cn,7408440,Look For Smile,LFS,2020-05-29
113995822,iLTW,ru,1883502,Virtus.pro,VP,2020-05-29
113874152,Bok,,7098928,Adroit,Adroit,2020-05-29
113825167,syeonix,my,7684856,.,.,2020-05-29
113800818,FF,,6209804,Royal Never Give Up,RNG,2020-05-29
113735534,TTR,be,0,PуI<u_BBePx Beastmaster,PykuBBePx,2020-05-29
113705693,ZSMJ,cn,0,,,2020-05-29
113619848,Lodine,ua,6740284,TEAM HEROIC,Heroic,2020-05-29
113457795,MooN,my,350190,Fnatic,Fnatic,2020-05-29
113435203,ChYuan,my,6209166,Team Aster,Aster,2020-05-29
113372833,UnderShock,,0,FlyToMoon,FTM,2020-05-29
113331514,Miposhka,,7422789,HellRaisers,HR,2020-05-29
113152484,Nevermine,la,7683877,BKD,BKD,2020-05-29
113068093,1949,vn,0,,,2020-05-29
113055105,oldWhite,cn,0,Pretty Boy Swag,,2020-05-29
112552914,WhatThe,th,6590719,MSCerberus,MSCerberus,2020-05-29
112531417,Abeng-,,7186466,Sterling Global Dragons,SGD,2020-05-29
112464030,Fervian,ru,5014799,Nemiga Gaming,Nemiga,2020-05-29
112377459,Febby,kr,0,T1,T1,2020-05-29
112250781,yoky-,,7625574,URSUS Gaming,URSUS,2020-05-29
111750003,kaffurtadx,br,7217295,Axis,Axis,2020-05-29
111620041,SumaiL-,pk,2586976,OG,OG,2020-05-29
111533846,Xtt,cn,3258149,,,2020-05-29
111473138,Chiv,id,0,The Prime,ThePrime,2020-05-29
111291593,小羊,cn,7514223,Longinus,,2020-05-29
111189717,剑来！,cn,0,CDEC ,CDEC,2020-05-29
111150817,EweDota,ph,0,Execration,XctN,2020-05-29
111114687,y`,cn,4,EHOME,EHOME,2020-05-29
111034589,343,my,7391049,Alpha x Hashtag,AxH,2020-05-29
111030315,W_Zayac,kg,1883502,Virtus.pro,VP,2020-05-29
111015380,Rbappe#,ar,0,,,2020-05-29
110837826,Doodle,,0,Team Sirius,Sirius,2020-05-29
110819366,worthless,,0,,,2020-05-29
110759067,Teehee,,7359917,Lowkey,LK,2020-05-29
110605738,SHERLOCK,br,7681992,Motoca_123,Motoca,2020-05-29
110583422,Sammyboy,us,7819028,4 Zoomers,4Zs,2020-05-29
110541755,Bigairgor,,0,,,2020-05-29
110539311,Velo,,7391049,Alpha x Hashtag,AxH,2020-05-29
110448679,Husky,us,7819028,4 Zoomers,4Zs,2020-05-29
110228930,Ayo,,7422511,VICI GAMING POTENTIAL,VG.P,2020-05-29
110194593,eN,bg,7558577,minor atendari,itam_sme,2020-05-29
110155287,lizzard,ba,0,,,2020-05-29
110090274,sjl.,cn,0,Avalon,,2020-05-29
110025307,天使焦Zdy,cn,2038409,,,2020-05-29
109822240,MasteR_ChieF,cn,5036403,MCleizi,,2020-05-29
109590964,Chives,us,0,Old Suck Gaming,,2020-05-29
109512357,Biver,,0,Team Ham,HAM,2020-05-29
109490736,zone1_1,,0,LuckyGaming,LG,2020-05-29
109455705,greeDy,,7121518,Unknown Team,Unknown,2020-05-29
109163420,Welp,za,7421942,Resurgence,RSG,2020-05-29
108831569,Van,ph,6738815,Cignal Ultra,Cignal,2020-05-29
108717482,"roddgeee,",my,5066616,Team Serenity,Serenity,2020-05-29
108452107,YawaR,pk,7390454,Quincy Crew,QCY,2020-05-29
108383863,Flyn`,,4282493,Drago,Drago,2020-05-29
108382060,Sylar,cn,4,EHOME,EHOME,2020-05-29
108376607,Cty,,6210979,·,,2020-05-29
108221389,Redpanda,,7407260,Sparking Arrow Gaming,SAG,2020-05-29
108011225,Syuuu,,6952364,Goblin Legs,GL,2020-05-29
107855479,ThuG.,gr,0,Aggressive Mode,A-Mode,2020-05-29
107803494,Ori,cn,726228,Vici Gaming,VG,2020-05-29
107485519,venom,us,6520439,Anime11.Esports,A11,2020-05-29
107081378,黑凤梨,,1520578,CDEC ,CDEC,2020-05-29
107023378,so bad,by,7934604,123,123,2020-05-29
106863163,SoMnus丶M,cn,15,PSG.LGD,PSG.LGD,2020-05-29
106809101,Lil,ua,7872463,i don't care anymore,idc,2020-05-29
106737423,Digi,cz,7851888,CZC.eSuba,eSuba,2020-05-29
106573901,No[o]ne-,ua,1883502,Virtus.pro,VP,2020-05-29
105974533,Avatar-,us,6982031,LFT,LFT,2020-05-29
105939162,KaHT,ru,7251006,TechPromBiz,TPB,2020-05-29
105663807,practice,,3351667,.,,2020-05-29
105610776,Shanks,ph,7819112,GoodFellaz,Gfz,2020-05-29
105599955,Heen,kr,0,,,2020-05-29
105470669,Sub-ZERO,ru,0,,,2020-05-29
105248644,Miracle-,jo,7554697,Nigma,Nigma,2020-05-29
105178768,BSJ,,0,ROOONS,RNS,2020-05-29
105045291,Thiolicor,br,7298091,NoPing Esports,NOPING,2020-05-29
105040222,killomancer,by,0,N1 eSports,N1,2020-05-29
104968334,Kuzen,,964214,Cygnvs Gaming,CG,2020-05-29
104890595,[A]Yosiky ,pe,964214,Cygnvs Gaming,CG,2020-05-29
104888934,Biblee,id,0,The Prime,ThePrime,2020-05-29
104744109,nemphy,,5090573,Womberers,Womberit,2020-05-29
104512126,Mac,ph,7098928,Adroit,Adroit,2020-05-29
104334048,Kidaro,,7894580,miaww^^,miaww^^,2020-05-29
104314302,WTS,ge,5681778,XDS,XDS,2020-05-29
104275965,Jubei,,0, , ,2020-05-29
104237213,Jedi,om,7451763,TX4,TX4,2020-05-29
104100326,NDK,,964214,Cygnvs Gaming,CG,2020-05-29
104070670,ARTES,ua,5107795,Backpacks Gaming ,BpG,2020-05-29
103940975,@dogf1ghts,cn,7610833,mcc,,2020-05-29
103910993,lil pleb,,7558577,minor atendari,itam_sme,2020-05-29
103850210,Время в никуда,ru,7585997,Disrespect,dRespect,2020-05-29
103735745,Saksa,mk,2586976,OG,OG,2020-05-29
103729052,876,,0,,,2020-05-29
103578570,Lil_kin6,br,5246530,᠌᠌᠌᠌ ᠌᠌᠌,᠌᠌᠌ ᠌,2020-05-29
103527848,lucky57,us,2576315,UC Davis Aggies,UCD,2020-05-29
103354522,marlin``,cn,0,Team Green,TG,2020-05-29
103296177,ManYi.,cn,6516874,Flaming Cyborg Alpha,,2020-05-29
103275898,jiajia,,0,Newbee,Newbee,2020-05-29
103126502,Nj,my,5172824,找队3 4,,2020-05-29
103045129,Grimz,ph,6738815,Cignal Ultra,Cignal,2020-05-29
103039499,1,cn,1786311,"for fun,for friends",FFFF.,2020-05-29
102644565,★Ice ice☆,,5805234,You Know Who,YKW,2020-05-29
102600341,Alren,us,5020794,BLUE PIKACHU,BP,2020-05-29
102528150,Brats-,,4647748,hahaAHAHA,YSL,2020-05-29
102525542,ReiSeN,,6980042,Team Oracle,Oracle,2020-05-29
102500941,peter☺99,th,6493307,NINJA,NINJA,2020-05-29
102226328,Oldye,cn,0,,,2020-05-29
102119379,One Autumn Leaf,cn,0,,,2020-05-29
102099826,DJ,ph,350190,Fnatic,Fnatic,2020-05-29
102024536,楚源Cy,,7300389,Magician,,2020-05-29
102020930,JoHnNy,,7542441,Saint,,2020-05-29
101908305,Aoko,cn,5805234,You Know Who,YKW,2020-05-29
101897410,miggeL.Z,au,5063845,TaskUs TITANS,TITANS,2020-05-29
101779337,slad1n-,,0,Infamous Gaming,Infamous,2020-05-29
101695162,fy,cn,15,PSG.LGD,PSG.LGD,2020-05-29
101586543,跳刀跳刀丶,,1836806,the wings gaming,Wings,2020-05-29
101525357,Fisherman,,0,UNICORN,Unicorn,2020-05-29
101495620,Loda,,0,,,2020-05-29
101460882,Boom,th,5031582,ALPHA Red,AR,2020-05-29
101450083,MP,,0,Fnatic,Fnatic,2020-05-29
101446572,Ceyler,ru,7587693,Doctor,Dr,2020-05-29
101375717,ShiKi,,0,EHOME.immortal,EHOME.i,2020-05-29
101356886,Gh,lb,7554697,Nigma,Nigma,2020-05-29
101259972,Oli~,my,5,INVICTUS GAMING,IG,2020-05-29
101240880,Solotic-,th,6352290,Alpha red,AR,2020-05-29
101208242,my,,5031582,ALPHA Red,AR,2020-05-29
101114880,goblin57,,6491802,borster,bstr,2020-05-29
101062921,Arms,br,7684363,Team Rejoin,Rejoin,2020-05-29
100895600,Skadi,ph,0,afdsdfasdafsdasdfDSADSADASSD,1,2020-05-29
100883708,Sansheng,,0,Newbee,Newbee,2020-05-29
100829013,Stealgirlfriend,jp,540500,Tell Me Why,TMY,2020-05-29
100758751,Prada,pe,7121518,Unknown Team,Unknown,2020-05-29
100704400,zxc,,314627,SwaG,SwaG,2020-05-29
100652044,hector,mx,5892936,Team Xolotl,XOLOTL,2020-05-29
100616105,cml,ph,7098928,Adroit,Adroit,2020-05-29
100598959,Erice,ph,6738815,Cignal Ultra,Cignal,2020-05-29
100594231,skem,,7800448,Apex,Apex,2020-05-29
100507647,xadsd,,0,MAD KINGS -E-SPORTS,MK,2020-05-29
100471531,jabz,th,350190,Fnatic,Fnatic,2020-05-29
100317750,Era,se,6214973,Ninjas in Pyjamas,NiP,2020-05-29
100246000,Versatile,ca,5020794,BLUE PIKACHU,BP,2020-05-29
100058342,skiter,sk,7748744,CR4ZY,CR4ZY,2020-05-29
100028335,ArsZeeqq,,0,,,2020-05-29
99983413,Deth,,0,Project D,PD,2020-05-29
99947395,k1ra-,ch,7980644,123,123,2020-05-29
99881834,The Azathot,cn,0,,,2020-05-29
99819580,throwit,ge,0,,,2020-05-29
99803639,Raykill,ve,7869044,Infinity E-sports. ,Infinity,2020-05-29
99796146,`Accelgd,,2672298,Infamous Gaming,Infamous,2020-05-29
99672424,OroYperfume,pe,6266565,0-900,0-900,2020-05-29
99573176,Tigger,th,6517061,*3*,*3*,2020-05-29
99539136,pwN,,7390797,?,?,2020-05-29
99460568,SmAsh-,,7298341,Anesthesia Team,Anesthesia,2020-05-29
99155835,ksani,ru,7422789,HellRaisers,HR,2020-05-29
98887913,xiao8,,5219641,Big God,,2020-05-29
98878010,Escaper,,0,Team ROOT,,2020-05-29
98462965,ocean,us,7819028,4 Zoomers,4Zs,2020-05-29
98172857,MiLAN,ba,0,Chicken Fighters !,ChFight!,2020-05-29
98167706,dnzshkA,,7818013,..,.,2020-05-29
97975407,Panthera,,6092404,DTS Gaming,DTS,2020-05-29
97676580,GOD,tr,5870608,asdasdsafqwe,,2020-05-29
97658618,darkesthj,,627374,Veggies,.,2020-05-29
97597779,MahhxD,br,7528424,Vira Lata Caramelo,ｃａｘｏｒｏ,2020-05-29
97590558,Ace,dk,7668567,Cloud9,C9,2020-05-29
97353735,DK,,7915828,TriPaLosKy SqUad,TkS,2020-05-29
97235629,aikster,,6712172,Team Dragons,TD,2020-05-29
97072681,Rayuur,,7681992,Motoca_123,Motoca,2020-05-29
96803083,Stormstormer,,7849410,FlyToMoon 2.0,FTM 2.0,2020-05-29
96738880,SKYLINE,,0,,,2020-05-29
96623200,.,cn,5032934,F.S. Express,,2020-05-29
96196828,633,,7820540,Team Unique,Unique,2020-05-29
96189126,Kelen,ru,7542148, EXTREMUM,EXTREMUM,2020-05-29
96183976,naive-,kz,7453744,KHAN,KHAN,2020-05-29
96169991,Ar1se,,0,Team Colizeum,-TC,2020-05-29
95825708,MNZ,,6382242,Thunder Predator,ThunderP,2020-05-29
95804890,RoD,es,5098014, ,,2020-05-29
95430068,Madara,,7555613,OG.Seed,OG.S,2020-05-29
95145869,Jenkins,ca,7563855,We Dislike Bears,trashbears,2020-05-29
94923783,Masoku,,7468679,.,,2020-05-29
94786276,Nine,de,7681441,business associates,business,2020-05-29
94762375,Marc,ph,7186466,Sterling Global Dragons,SGD,2020-05-29
94738847,Chalice,cn,15,PSG.LGD,PSG.LGD,2020-05-29
94439767,xxxBliNcc,ro,0,ReachGang,RG,2020-05-29
94364925,boris,pe,7873681,ASDF123,﷽﷽﷽﷽﷽﷽﷽﷽﷽﷽,2020-05-29
94338967,DkPhobos,,6713506,Kaban,Kaban,2020-05-29
94296097,xNova,my,15,PSG.LGD,PSG.LGD,2020-05-29
94281932,K,,3586078,Geek Fam,GeekFam,2020-05-29
94155156,Fly,il,39,Evil Geniuses,EG,2020-05-29
94120026,Snow,br,0,rei do picolé,picolé,2020-05-29
94054712,Topson,fi,2586976,OG,OG,2020-05-29
94049589,Fng,by,6209143,Gambit Esports,Gambit,2020-05-29
94036444,pika2,mx,0,Team Xolotl,XOLOTL,2020-05-29
94004717,hFn k3 <3 M,br,67,paiN Gaming,paiN,2020-05-29
93616251,Ohaiyo,,7849151,CR,CR,2020-05-29
93552791,nofear,ru,7849410,FlyToMoon 2.0,FTM 2.0,2020-05-29
93473848,Maden,ru,7251006,TechPromBiz,TPB,2020-05-29
93289364,暗中观察,cn,0,Bean Cake,BeanC,2020-05-29
93119769,QO,,0,Team Oracle,OCE,2020-05-29
93003633,Vipu,,5015830,Helsinki REDS,hREDS,2020-05-29
92968238,eskillz,se,5057105,NIHL Players,NIHL,2020-05-29
92949094,SsaSpartan,,7930695,FAMILY TEAM,FT,2020-05-29
92855627,Cookie bear,cn,0,,,2020-05-29
92847434,Ghostik,,7684041,B8,B8,2020-05-29
92706637,iAnnihilate,ca,0,Demon Slayers,DemSlay,2020-05-29
92601861,Aramis,il,6685591,ViKin.gg,Vikin.gg,2020-05-29
92590479,Jixing,,0,Team Serenity,Serenity,2020-05-29
92477990,Mastermind,,0,No Bounty Hunter,noBH,2020-05-29
92423451,9pasha,ru,36,Natus Vincere,Na`Vi,2020-05-29
92367063,PierdolonyPies,fk,534136,New Guys,NG,2020-05-29
92266340,bufni,ro,0,,,2020-05-29
92253768,AfrOmoush,jo,6212110,HAPPY GUYS,HG,2020-05-29
92241448,DLC,ar,7682909,Benny + 4 ,B4 ,2020-05-29
92231506,Burma ka 109/110,,2922054,,,2020-05-29
92214768,Inuy4sh4_,ro,602634,Team Moriarty,Moriarty,2020-05-29
92071256,мιlle,ph,7638935,..,,2020-05-29
92028391,Flash,ro,7683396,No Bounty Hunter,noBH,2020-05-29
91932652,Flow,ru,7683797,F.R.I.E.N.D.S,Friends,2020-05-29
91730177,Seleri,,6685591,ViKin.gg,Vikin.gg,2020-05-29
91654584,Kimo,ph,7408845,Execration,XctN,2020-05-29
91644707,ky xY`,my,7404529,Reality Rift,RR ,2020-05-29
91539960,25632,,0,   ,   ,2020-05-29
91460772,Slayer,,36,Natus Vincere,Na`Vi,2020-05-29
91443418,ninjaboogie,ph,7554328,SEAMonkeys,SEAM,2020-05-29
91380904,BarabaNN,ru,7441121,flowers,flower,2020-05-29
91369376,Meracle,sg,7010597,,,2020-05-29
91364275,AtunnN,,0,Unknown Team,Unknown,2020-05-29
91064780,ALWAYSWANNAFLY,,6953913,FlyToMoon,FTM,2020-05-29
91019997,znderlz,pe,7781771,Cream Esports,CREAM,2020-05-29
90934656,PipBoy3000,us,5104445,Radiant Dota 2,Radiant,2020-05-29
90892734,BurNIng,,5219641,Big God,,2020-05-29
90882159,Super,,6209804,Royal Never Give Up,RNG,2020-05-29
90423751,Bignum,,7669103,Cyber Legacy,CL,2020-05-29
90373262,Hajadlo,cz,7851888,CZC.eSuba,eSuba,2020-05-29
90324740,Lasthero-,by,7669103,Cyber Legacy,CL,2020-05-29
90180366,Mitch,,7556672,TEMPO,TMP,2020-05-29
90125566,Misha,,7119388,Team Spirit,TSpirit,2020-05-29
90031225,Ch,,0,,,2020-05-29
89871557,Mushi,my,7849151,CR,CR,2020-05-29
89603649,NutZ,kr,7404529,Reality Rift,RR ,2020-05-29
89598554,September,,6209804,Royal Never Give Up,RNG,2020-05-29
89550641,GeneRaL,,6953913,FlyToMoon,FTM,2020-05-29
89423756,LaNm,cn,0,Royal Never Give Up,RNG,2020-05-29
89399750,QQQ,,0,,,2020-05-29
89330493,Xtinct,,6212214,Executioners v2,XCN,2020-05-29
89296893,123,,0,,,2020-05-29
89269794,Silent,ru,0,Winstrike Team,Winstrike,2020-05-29
89268488,ling,,2277712,StarLucK.Fly,StarLucK,2020-05-29
89249333,Net,my,6188332,VALAK~,,2020-05-29
89246836,Xi,cn,20,Newbee.mgb,,2020-05-29
89166519,小赵,,0,,,2020-05-29
89137399,Goblak,ua,0,,,2020-05-29
89117038,YapzOr,jo,1838315,Team Secret,Secret,2020-05-29
89114049,Haxxeren,dk,0,,,2020-05-29
89038430,brown dog,se,5244665,Cej was right,,2020-05-29
88933594,FoREv,,7424172,T1,T1,2020-05-29
88826062,Rajjix,lb,0,Unholy,Unholy,2020-05-29
88719902,bOne7,ro,0,No Bounty Hunter,noBH,2020-05-29
88611330,mini,br,7960275,Spirits,Spirits,2020-05-29
88585077,430,cn,0,EHOME,EHOME,2020-05-29
88553213,C,,0, Echo.Int, ,2020-05-29
88508515,Hao,cn,0,,,2020-05-29
88271237,Ceb,lb,0,OG,OG,2020-05-29
88153289,dunha1,,67,paiN Gaming,paiN,2020-05-29
87967499,DaddyDongSlap,us,7895594,Boomer Hands EC,BH,2020-05-29
87932136,[A]rrow_[I]ce,th,4591569,Aggressive Slayer,AS,2020-05-29
87686238,Eran,us,0,Dub Gods,DG,2020-05-29
87586992,G,,7542148, EXTREMUM,EXTREMUM,2020-05-29
87442297,InsidiousC,sg,0,RESURGENCE,RSG,2020-05-29
87423323,Biryu,,2786652,Kingdra,King,2020-05-29
87382579,misery,dk,7668567,Cloud9,C9,2020-05-29
87360406,Jeyo,ca,7625263,.,,2020-05-29
87352234,xaxaaxxaaxxa,,0,.,.,2020-05-29
87307430,tokeirolex37,us,5198236,,,2020-05-29
87293485,zyzzy,,0,,,2020-05-29
87285329,busen,,0,OG,OG,2020-05-29
87278757,Puppey,ee,1838315,Team Secret,Secret,2020-05-29
87276347,Universe,,0,Ninjas in Pyjamas,NiP,2020-05-29
87197791,rmN-,,6214570,random,r,2020-05-29
87196890,1437,ca,0,J.Storm,J.Storm,2020-05-29
87177591,Fear,us,7681441,business associates,business,2020-05-29
87063175,Lelis,,0,Ninjas in Pyjamas,NiP,2020-05-29
87039091,Yahfz,,5766937,2,,2020-05-29
87012746,kpii,au,2108395,TNC Predator,TNC,2020-05-29
86975889,Monster,us,0,,,2020-05-29
86974263,Stan King,,2677025,,,2020-05-29
86953944,.bobruha.,ru,7251006,TechPromBiz,TPB,2020-05-29
86953414,Maybe Next Time,,7683396,No Bounty Hunter,noBH,2020-05-29
86940305,jobeeezy,ph,7718092,Clown Nine ,C9,2020-05-29
86919603,Bбог,,3321220,,,2020-05-29
86896635,Flensmeister,,0,,,2020-05-29
86887653,Vihren,bg,6211505,madjor atendari,tam_sme,2020-05-29
86874930,FiXeRs,sg,6820663,aaa, ,2020-05-29
86870856,chshrct,,7453744,KHAN,KHAN,2020-05-29
86861614,Mrrr丶,cn,0,DanGo  GAMING,DanGo,2020-05-29
86850560,Wij,ar,7121518,Unknown Team,Unknown,2020-05-29
86845752,Michael,bg,7558577,minor atendari,itam_sme,2020-05-29
86822085,Costabile,,7298091,NoPing Esports,NOPING,2020-05-29
86818655,nuages,br,7960275,Spirits,Spirits,2020-05-29
86811043,Monkeys-forever,,7819028,4 Zoomers,4Zs,2020-05-29
86802844,Mag,,5167588,Double Dimension, ,2020-05-29
86799300,Fata,de,111474,Alliance,Alliance,2020-05-29
86793739,garter,,7408091,pandora,,2020-05-29
86785083,0LD_A,ru,7119388,Team Spirit,TSpirit,2020-05-29
86780673,ŁЪωŁꞗω。坎木,cn,7996574,Number1,,2020-05-29
86772934,JessieVash*,,6352245,Happy Feet,HF,2020-05-29
86765434,Kygo,,7542441,Saint,,2020-05-29
86762037,WinteR,my,7681014,Soy Boys,Soy,2020-05-29
86761682,Emperor,,5216274, Echo.Int, ,2020-05-29
86751819,Swiftending,rs,2537636,Elements Pro Gaming,EPG,2020-05-29
86750262,Scandal,ru,2898453,KBU,KBU,2020-05-29
86750028,MaRiO,,5767709,wolf,wolf,2020-05-29
86747351,Fun,,5949057,Team,Team,2020-05-29
86745912,天鸽,ca,39,Evil Geniuses,EG,2020-05-29
86744322,zuni,uy,5070043,no team,     .,2020-05-29
86743641,RyuUBoruZ,,0,F.R.I.E.N.D.S,Friends,2020-05-29
86741690,Lubby,,4424013,Ten Twenty,1020,2020-05-29
86738694,qojqva,de,2163,Team Liquid,Liquid,2020-05-29
86727555,peterpandam,us,7422935,Ninjas in Pyjamas,NiP,2020-05-29
86726887,MSS,us,7390454,Quincy Crew,QCY,2020-05-29
86725175,Resolut1on,ua,1883502,Virtus.pro,VP,2020-05-29
86723143,funn1k,,7422789,HellRaisers,HR,2020-05-29
86715129,ixmike88,us,7682820,Broccoli Hunters,BH,2020-05-29
86700461,w33,ro,7554697,Nigma,Nigma,2020-05-29
86698277,33,il,0,test,,2020-05-29
86576108,Ouker,fi,5090573,Womberers,Womberit,2020-05-29
86356342,IceQueen67,us,5055701,DoZe Esports,DoZe,2020-05-29
86131091,Lolingblue,br,0,Vira Lata Caramelo,ｃａｘｏｒｏ,2020-05-29
86040272,Bashta vi,bg,0,,,2020-05-29
85956459,Mariachi...<3,ru,7251006,TechPromBiz,TPB,2020-05-29
85937380,4dr♥ Déia,br,7298091,NoPing Esports,NOPING,2020-05-29
85805514,DeMoN,,0,123,123,2020-05-29
85485252,FeiMao,th,6018446,Reaper,Reaper,2020-05-29
85375207,ComeWithMe,ro,7034741,Wind and Rain,WaR,2020-05-29
85367644,Scourge McDuck,us,0,CRISPR,CRISPR,2020-05-29
85312703,hyko,br,7220281,Furia,FURIA,2020-05-29
85008179,bardinxd,,6187309,Looking for a team, .,2020-05-29
84853828,Kingrd,br,7960275,Spirits,Spirits,2020-05-29
84772440,iceiceice,sg,350190,Fnatic,Fnatic,2020-05-29
84429681,Moo,us,7681441,business associates,business,2020-05-29
84390306,Luci,br,5679840,SG e-sports,SG,2020-05-29
84385735,Kyzko,ru,7219037,,,2020-05-29
84021752,PiscoSour.Young,pe,7872607,Azules Esports,Azules-,2020-05-29
83867257,Pingvincek,si,0,Team Singularity,SNG,2020-05-29
82630959,min,,2413217,,,2020-05-29
82327674,Faith,cn,1375614,Newbee,Newbee,2020-05-29
82305765,velheor,ru,7542148, EXTREMUM,EXTREMUM,2020-05-29
82262664,KuroKy,de,7554697,Nigma,Nigma,2020-05-29
81852496,Afoninje,ru,0,Winstrike Team,Winstrike,2020-05-29
81481903,tnt,th,7624504,MS Chonburi,MSC,2020-05-29
81475303,Yamsun ,,7573307,ghoul,ghoul,2020-05-29
79922175,AlienManaBanana,us,6142147,WitchDoctor.GG,WD,2020-05-29
79809603,kickeed,ru,7118032,Winstrike Team,Winstrike,2020-05-29
79377767,Nabiwka,ua,7977638,zxc,zxc,2020-05-29
79247165,Dark,ca,7764276,Team Squareadise,Square,2020-05-29
77490514,Boxi,se,2163,Team Liquid,Liquid,2020-05-29
76904792,poloson,sg,7010597,,,2020-05-29
76600360,yyy,,7625574,URSUS Gaming,URSUS,2020-05-29
76173488,MJW,us,2642725,,,2020-05-29
75750590,j4,,7625148,Majori Edut na Minor,MEM,2020-05-29
75438820,Storoh,ru,0,F.R.I.E.N.D.S,Friends,2020-05-29
73562326,zai,se,1838315,Team Secret,Secret,2020-05-29
73401082,Dukalis,ru,7997109,DDD,,2020-05-29
72312627,MATUMBAMAN,fi,1838315,Team Secret,Secret,2020-05-29
72156367,ufir,ru,6740284,TEAM HEROIC,Heroic,2020-05-29
71869498,Luft,de,6981836,Kingdra,King,2020-05-29
71824981,Mugen,,0,mYinsanity,mYi,2020-05-29
71266407,H1j4ck,br,7331148,~/zz,,2020-05-29
70673409,qzxuan,ca,7438641,Demon Slayers,DemSlay,2020-05-29
70663093,wolf,,7036368,cornos ltda,cornos,2020-05-29
70388657,Dendi,,7684041,B8,B8,2020-05-29
69602973,Madkingz,dk,5465829,Yolo Knight,,2020-05-29
68254582,tv/monza1337,,6570535,twfdsfdsf,twitch,2020-05-29
68007361,Muf,cz,0,.,,2020-05-29
67428263,Jano,mx,7438641,Demon Slayers,DemSlay,2020-05-29
66620961,EcNart-,ua,6409189,Team Empire Hope,EmpireH,2020-05-29
66598119,Tudi,sg,6186173,X,ㄨ,2020-05-29
66228684,SlashStrike,,7850966,twitch.tv/slashstrike,twitch,2020-05-29
65674469,†Rc,,7899713,Stormwind,,2020-05-29
63703276,goddam,kz,6030756,excell,xL,2020-05-29
62533910,Exotic_Deer,pl,0,OMG.BET,OMG.BET,2020-05-29
61130075,Enough,us,6211373,,,2020-05-29
60943014,jabbz,de,7979749,Kolossus,Kolossus,2020-05-29
59752811,Bloody Nine,us,1366506,Black Sheep!,bs,2020-05-29
59463394,Leostyle-,,6382242,Thunder Predator,ThunderP,2020-05-29
59381601,BBTM,ca,3783890,Chef Curry Culinary Club,CCCC,2020-05-29
59273184,BrayaNt`,,7667517,LGD.international,LGD.int,2020-05-29
58513047,Supream^,cz,6214973,Ninjas in Pyjamas,NiP,2020-05-29
58429537,LionaX,th,7794384,QuestionMark,Hashtag?,2020-05-29
57578110,BLACKARXANGEL,kz,7542148, EXTREMUM,EXTREMUM,2020-05-29
57569220,Babaganoush,us,2969642,0win1Lose,패배자들,2020-05-29
57516313,eL lisash,pl,0,Wind and Rain,WaR,2020-05-29
56939869,Gorgc,se,7237270,Bald,,2020-05-29
56351509,DM,ru,7819701,VP.Prodigy,VP.P,2020-05-29
56029361,Asmodium,ru,6980592,No Creativity,NC,2020-05-29
54580962,iNSaNiA,se,2163,Team Liquid,Liquid,2020-05-29
53722536,S a n t a n A,,5237874,Secret Base,W-G9,2020-05-29
53178236,Sedoy,,0,F.R.I.E.N.D.S,Friends,2020-05-29
52406002,CURRY,cz,0,SworDDarK-,SDK-,2020-05-29
52309044,MYSmoon,ru,0,Puppey ne bei,PnB,2020-05-29
51684352,LuLu^^,,6098336,,,2020-05-29
50828662,ZFreek,us,7555613,OG.Seed,OG.S,2020-05-29
50580004,Xibbe,se,7555613,OG.Seed,OG.S,2020-05-29
49317728,Kyle,,0,,,2020-05-29
47508363,Womber,,5090573,Womberers,Womberit,2020-05-29
47501114,Steindaler,pe,0,,,2020-05-29
47434686,SVG,,7390454,Quincy Crew,QCY,2020-05-29
46398245,jawny,us,3845706,Fickle Minds,xd:v:3,2020-05-29
44544729,blank,ca,0,Nicest Most Positive Team,,2020-05-29
44447459,o mascara,br,397450,DISITA RARI VENTRILA,DRV,2020-05-29
43619695,HeStEJoE-RoTTeN,,6711290,Team Singularity,SNG,2020-05-29
43276219,EternaLEnVy,ca,0,Fighting PandaS,FP,2020-05-29
42274654,Mouse,nl,6656039,ecks dee,хД,2020-05-29
41470731,FLUFFNSTUFF,us,2059672,FireDota,Fire,2020-05-29
41231571,s4,se,111474,Alliance,Alliance,2020-05-29
40805086,mellojul,,5014799,Nemiga Gaming,Nemiga,2020-05-29
40586005,WWD,us,5003402,asdf, ,2020-05-29
40547474,Aui_2000,,7748744,CR4ZY,CR4ZY,2020-05-29
40209325,jonassomfan,,0,Aachen City Esports,Alemannia,2020-05-29
40144634,snorpie,se,0,,,2020-05-29
39749294,Okcya,,7554557,GODSENT.gg,GODSENT,2020-05-29
39155815,DarkMen l l,cl,5152149,Team Chile,CL,2020-05-29
38628747,MoonMeander,ca,7748744,CR4ZY,CR4ZY,2020-05-29
38057824,KvH,,6491802,borster,bstr,2020-05-29
37658157,c4t,,7528424,Vira Lata Caramelo,ｃａｘｏｒｏ,2020-05-29
37399177,iLLusionisT,ro,7527187,ASDFG,,2020-05-29
36707044,deku,,5112297,Gorrilazo,G-pride,2020-05-29
36343070,brink,ca,6491802,borster,bstr,2020-05-29
35533647,$k3tch,us,6903944,lft,lft,2020-05-29
35504297,LeBronDota,,7684041,B8,B8,2020-05-29
34726076,Farmer John,au,6517668,Aura,Aura,2020-05-29
34505203,MinD_ContRoL,bg,7554697,Nigma,Nigma,2020-05-29
34322358,sQreen,,7745403,Interstellar,Inter,2020-05-29
34127506,Valentine,br,0,Belem Best Doto,BBD,2020-05-29
33122084,LezzQQ,dk,0,,,2020-05-29
32995405,Wagamama,,0,,,2020-05-29
31818853,Brax,us,7681441,business associates,business,2020-05-29
30237211,BuLba,,2512249,123,123,2020-05-29
29904110,B,ca,0,Old Suck Gaming,,2020-05-29
28070572,p4pita,ar,2672298,Infamous Gaming,Infamous,2020-05-29
27178898,Skylark,,7930695,FAMILY TEAM,FT,2020-05-29
26771994,JerAx,fi,0,OG,OG,2020-05-29
26356855,kacor,pl,5242529,Unchained Esports,UNC,2020-05-29
26316691,IllidanSTR,,0,FlyToMoon 2.0,FTM 2.0,2020-05-29
25907144,Cr1t-,dk,39,Evil Geniuses,EG,2020-05-29
25175582,Niqua,,0,Unholy,Unholy,2020-05-29
24009418,Buugi,,7554557,GODSENT.gg,GODSENT,2020-05-29
23883296,NoiA,,7554557,GODSENT.gg,GODSENT,2020-05-29
23589642,HoviteY,de,7734344,EURONICS Gaming,ESG,2020-05-29
21604967,`whiteBeard,us,1958953,BRUDDAHS,BRUDDAH,2020-05-29
21289303,Black^,,7667517,LGD.international,LGD.int,2020-05-29
20603135,^Cechi,cz,0,Game-Life Balance,GLB,2020-05-29
20321748,Bamboe,,7237270,Bald,,2020-05-29
19672354,N0tail,dk,2586976,OG,OG,2020-05-29
19195168,Kummisetä,mp,6592941,pelaajat.com,,2020-05-29
18565955,Sasquatch,us,6979765,La Gueule de Bois,LGDB ,2020-05-29
18180970,Handsken,se,111474,Alliance,Alliance,2020-05-29
16795361,Yaki,br,5022588,Midas Club DERROTA,Midas,2020-05-29
16769223,Socks,fr,0,Alternance de Puissance,AdP,2020-05-29
16317795,PAADA,br,0,,,2020-05-29
15272141,xiaofeng,,5032934,F.S. Express,,2020-05-29
12231202,LIMMP,se,111474,Alliance,Alliance,2020-05-29
11865327,Nix,ru,7422789,HellRaisers,HR,2020-05-29
11550182,VANSKOR,,7820540,Team Unique,Unique,2020-05-29
10516239,uu,,0,Happy,Happy,2020-05-29
10366616,Sneyking,us,7668567,Cloud9,C9,2020-05-29
9403474,yamich,ru,7453744,KHAN,KHAN,2020-05-29
8712306,Trixi,,7586525,Peke haters,PEKE,2020-05-29
8591574,Durp Durp,us,6516770,DUPDUPDUPDUP,,2020-05-29
6922000,pieliedie,se,7668567,Cloud9,C9,2020-05-29
6199147,davy,ch,2293742,mYinsanity,mYi,2020-05-29
6103402,solen,dk,0,Team Colizeum,-TC,2020-05-29
5150808,fn,,7819701,VP.Prodigy,VP.P,2020-05-29
4281729,syndereN,,0,Anti-MagE-,A-M-,2020-05-29
3940262,March,,2108395,TNC Predator,TNC,2020-05-29
3916428,EGM,se,7428719,GODSENT,GODSENT,2020-05-29
1296625,Newsham,,6904594,TEAM TEAM,tt,2020-05-29
88470,TZY,cn,6020739,,,2020-05-29
